<?xml version="1.0" encoding="UTF-8"?>
<project-private xmlns="http://www.netbeans.org/ns/project-private/1">
    <editor-bookmarks xmlns="http://www.netbeans.org/ns/editor-bookmarks/2" lastBookmarkId="0"/>
    <open-files xmlns="http://www.netbeans.org/ns/projectui-open-files/2">
        <group>
            <file>file:/home/happyperks/work/hp/hpcorporate_prj/resources/views/inc/header.blade.php</file>
            <file>file:/home/happyperks/work/hp/hpcorporate_prj/resources/views/awards/inc/ajax_emp_list.blade.php</file>
            <file>file:/home/happyperks/work/hp/hpcorporate_prj/app/ResourceMgr/EmployeeMgr.php</file>
            <file>file:/home/happyperks/work/hp/hpcorporate_prj/resources/views/inc/sidebar.blade.php</file>
            <file>file:/home/happyperks/work/hp/hpcorporate_prj/app/Models/Employee.php</file>
            <file>file:/home/happyperks/work/hp/hpcorporate_prj/resources/views/employees/create.blade.php</file>
            <file>file:/home/happyperks/work/hp/hpcorporate_prj/public/js/material-dashboard.js</file>
            <file>file:/home/happyperks/work/hp/hpcorporate_prj/resources/views/layouts/app.blade.php</file>
            <file>file:/home/happyperks/work/hp/hpcorporate_prj/routes/web.php</file>
            <file>file:/home/happyperks/work/hp/hpcorporate_prj/app/ResourceMgr/AwardsMgr.php</file>
            <file>file:/home/happyperks/work/hp/hpcorporate_prj/app/Http/Controllers/EmployeeController.php</file>
            <file>file:/home/happyperks/work/hp/hpcorporate_prj/resources/views/profile/partials/transactions/ajax_emp_list.blade.php</file>
            <file>file:/home/happyperks/work/hp/hpcorporate_prj/resources/views/employees/edit.blade.php</file>
            <file>file:/home/happyperks/work/hp/hpcorporate_prj/app/Http/Controllers/AwardsController.php</file>
            <file>file:/home/happyperks/work/hp/hpcorporate_prj/resources/views/profile/partials/transactions/emp_transfers.blade.php</file>
        </group>
    </open-files>
</project-private>
